-- Adminer 4.8.1 MySQL 10.11.6-MariaDB-1:10.11.6+maria~ubu2004 dump

SET NAMES utf8;
SET time_zone = '+00:00';
SET foreign_key_checks = 0;
SET sql_mode = 'NO_AUTO_VALUE_ON_ZERO';

SET NAMES utf8mb4;


TRUNCATE `genre`;
INSERT INTO `genre` (`id`, `name`) VALUES
(1,	'Comédie dramatique'),
(2,	'Film biographique'),
(3,	'Cinéma de montagne'),
(4,	'Cinéma surréaliste'),
(5,	'Ethnofiction'),
(6,	'Film d\'archives'),
(7,	'Film de mariage'),
(8,	'Film à sketches'),
(9,	'Film d\'opéra'),
(10,	'Film d\'aventures'),
(11,	'Péplum'),
(12,	'Cinéma d\'auteur'),
(13,	'Cinéma d\'observation'),
(14,	'Drame'),
(15,	'Film à suspense');

TRUNCATE `movie`;
INSERT INTO `movie` (`id`, `title`, `release_date`, `duration`, `summary`, `synopsis`, `poster`, `rating`, `type`) VALUES
(1,	'Silence',	'2014-06-30 01:09:47',	202,	'L\'enfant se baissa. Homais fut plus qu\'un assemblage de.',	'Elle minaudait. Puis, d\'un seul bond s\'étalèrent tous, et l\'éclat de leurs voix retentissait sans qu\'il parût personne. Elle monta le large escalier droit, à balustres de bois, et par cette route.',	'https://picsum.photos/id/491/200/300',	3.6,	'Film'),
(2,	'Bates Motel',	'2006-10-30 08:22:04',	58,	'J\'ai vu partir ma femme..., mon fils après..., et voilà ma.',	'Allons chez Bridoux; vous verrez son chien. C\'est très curieux! Et comme la guerre, l\'industrie, le commerce, l\'agriculture et les dames d\'Yonville, à propos de leur vie; un détachement intérieur se.',	'https://picsum.photos/id/515/200/300',	2.8,	'Série'),
(3,	'The Haunting of Hill House',	'2004-01-13 07:22:49',	45,	'Emma l\'avait reconnu à la lumière du bocal rouge, et un.',	'Ils se regardèrent; et cet homme, si habitué pourtant à l\'aspect des douleurs, ne put la voir était pour lui en entourait la taille. Il affectait un air de supériorité, s\'abstint de leur flamme.',	'https://picsum.photos/id/420/200/300',	4.0,	'Série'),
(4,	'The Lion King',	'1997-08-26 23:34:47',	191,	'Comme elle la connaissait depuis longtemps. C\'était une.',	'Et Emma fut surprise de se rendre immédiatement à la campagne ou en rameaux, des myosotis, du jasmin, des fleurs et du mari la gênait. Elle aurait voulu, s\'échappant comme un flot, quelque crinière.',	'https://picsum.photos/id/741/200/300',	2.8,	'Film'),
(5,	'Amadeus',	'2009-11-21 11:04:24',	211,	'Elle voulut devenir une sainte. Elle acheta des chapelets.',	'Elle hésita: -- Riche. -- Ne les vois pas, ne sors pas, ne sors pas, ne sors pas, ne sors pas, ne pense qu\'à nous; aime-moi! Elle aurait eu soin d\'envoyer chez Lheureux son bagage, qui serait.',	'https://picsum.photos/id/1055/200/300',	4.9,	'Film'),
(6,	'12 Years a Slave',	'1995-06-22 17:02:59',	166,	'Je l\'ai roulé, vous avez du bien. Cependant les gardes.',	'Après tout, c\'est vrai, pensa Rodolphe; j\'agis dans son métier, car on était aux premiers temps que Charles n\'avait plus rien d\'exorbitant. Ses expansions étaient devenues régulières; il.',	'https://picsum.photos/id/775/200/300',	2.3,	'Film'),
(7,	'Sharp Objects',	'2002-02-08 05:37:26',	42,	'Emma, désespérée, avait voulu mourir. Enfin, il découvrit.',	'Lheureux courut à sa toilette. Puis elle prenait un livre, disposait sa camisole, ouvrait les yeux; puis elle faisait des crèmes à la représentation; et elle égarait ses yeux comme une Parisienne.',	'https://picsum.photos/id/891/200/300',	4.0,	'Série'),
(8,	'Trainspotting',	'2009-11-25 14:52:48',	163,	'Félicité l\'amenait quand il était monté au premier venu?.',	'Il lut un vieux piano qu\'elle avait, à chanter dans sa robe lui frissonnait dans les herbes, de longs cordons verts. Au sortir de table. Puis elle retomba dans son sarrau. Aussi ces bons parents.',	'https://picsum.photos/id/1019/200/300',	4.1,	'Film'),
(9,	'Altered Carbon',	'2009-09-14 10:29:04',	60,	'S\'il me la demande, se dit-il; je la verrai. Nous.',	'Emma battait la semelle s\'était jaunie à la grande école chirurgicale sortie du tablier de Bichat, à cette invention du couvre-pied: -- Pourquoi donc? demanda-t-elle. -- Quelquefois, quand.',	'https://picsum.photos/id/496/200/300',	3.2,	'Série'),
(10,	'The Deuce',	'1997-10-03 01:52:09',	35,	'La séance était finie; la foule s\'écoulait par les chemins.',	'Félicité avait eu derrière elle et Rodolphe, marchant derrière elle, lui donnait des avis. Debout et les rêves, tout se confondit dans une manière de ces imaginations qui s\'agitaient dans l\'harmonie.',	'https://picsum.photos/id/69/200/300',	3.0,	'Série'),
(11,	'The Departed',	'2023-09-02 12:14:56',	184,	'Lheureux (s\'adressant au pharmacien, qui venait par la.',	'M Homais arrivait pendant le dîner. -- Oh! la musique de la ville pour acheter des médicaments que pour faire la barbe, avaient des vers pour elle, rien n\'arrivait, Dieu l\'avait voulu! Pourquoi.',	'https://picsum.photos/id/52/200/300',	2.4,	'Film'),
(12,	'Silicon Valley',	'2004-02-28 11:23:59',	36,	'Un danseur passait. -- Que vous seriez charitable.',	'Le pharmacien, en homme discret, lui adressa quelques félicitations. Alors le souvenir des assiettes peintes où Louis XIV était vanté. À la ville, danser la polka tous les relais, chevaux qu\'on.',	NULL,	4.4,	'Série'),
(13,	'The Good Place',	'1995-04-11 05:18:47',	27,	'Le souvenir de la voir s\'évanouir, courut à sa mère; rien.',	'Un horizon de fantaisies réalisables s\'ouvrit alors devant Emma. Elle se le répétait à demi-voix, voici un élève que je vous voie encore, reprit-il; j\'avais à vous avec une figure des vieilles.',	'https://picsum.photos/id/166/200/300',	3.6,	'Série'),
(14,	'X-Files',	'2019-07-06 20:01:00',	52,	'Puis elle était par-dessus tout Ange! Souvent, en la lui.',	'Des aboiements continus se traînaient au loin, tout au monde n\'était beau comme sa levrette, qui faisait à la retenir, elle répliqua: -- Il est si crassineux, qu\'à moins d\'avoir la plume entre les.',	'https://picsum.photos/id/72/200/300',	4.2,	'Série'),
(15,	'Platoon',	'2009-06-26 09:49:44',	114,	'Vierge, vêtue d\'une robe de velours noir à longues pipes.',	'Il était si calme, que l\'on empêcherait Emma de lire des romans, de mauvais livres, des ouvrages qui sont pleins de fleurs pâles, tremblait tout entier à la campagne, le long de la planche. À partir.',	'https://picsum.photos/id/354/200/300',	2.8,	'Film'),
(16,	'Spartacus',	'2011-10-14 03:21:35',	54,	'Derrière la porte qui criait, les murs qui longeaient la.',	'Ils commencèrent par le vent. Elle se promettait continuellement, pour son mari plus charmante que jamais, Rodolphe ayant réussi à conduire l\'adultère selon sa coutume, assez légèrement vêtue, il.',	'https://picsum.photos/id/80/200/300',	3.0,	'Série'),
(17,	'Monty Python : Holy Grail',	'1997-07-10 17:05:43',	130,	'Le beau-père mourut et laissa peu de plaques roses toutes.',	'Mais lui, il n\'aperçut rien sur la place. Elle était aussi dégoûtée de lui faire des plaisanteries sur les genoux, il la sentait toute chaude et frémissante comme une ignoble petite Venise, coulait.',	'https://picsum.photos/id/633/200/300',	2.1,	'Film'),
(18,	'Kill Bill Vol.1',	'2018-04-14 03:16:42',	277,	'Dieu! un article circule..., on en doute encore, on n\'ose.',	'Le même bredouillement de syllabes se fit un mouvement des chocolats. C\'est le temps, sans doute, était un réfugié polonais, venait de dîner et respirait bruyamment. -- Comment vais-je signer.',	'https://picsum.photos/id/936/200/300',	2.8,	'Film'),
(19,	'Le mépris',	'1996-12-24 11:58:52',	251,	'D\'ailleurs, sa timidité s\'était usée au contact de ses.',	'Charles, pour distraire Madame, de la campagne ou en sortait avec douceur. C\'est ainsi, l\'un près de la mer, si bien qu\'elle exécrât Tellier, elle blâmait Lheureux. C\'était pour vous en conjure.',	'https://picsum.photos/id/606/200/300',	2.0,	'Film'),
(20,	'Billions',	'1998-12-29 03:18:03',	45,	'Mais, à cette femme, c\'eût été d\'un fort joli coup d\'oeil.',	'Moi aussi, je ne dérangerais pas. -- Vous l\'abandonnez donc? reprit-il. -- Quoi? dit-elle vivement; jette-le! Il la saisit au poignet. Les garnitures de dentelles, les broches de diamants, les.',	'https://picsum.photos/id/967/200/300',	4.4,	'Série'),
(21,	'Forrest Gump',	'2009-04-18 11:28:17',	253,	'Mais on veut faire le philosophe, disait même qu\'il y.',	'Comices! Par un geste de dédain. -- Quoi! répliqua le bonhomme tout étonné, il ne se couchait plus, il entendait rouler sur leur constitution. Enfin, M. Larivière de lui prendre quelque chose? dit.',	'https://picsum.photos/id/325/200/300',	2.4,	'Film'),
(22,	'Amelie from Montmartre',	'2000-04-28 00:34:36',	226,	'Alors il demandait à présent lui déplaisait. Toutes ses.',	'Resté dans l\'angle, derrière la pendule comme pour être agronome, avoir soi-même labouré la terre pour l\'exactitude. Il lui faut toujours sa place parmi les illusions de son visage. Jamais elle.',	'https://picsum.photos/id/538/200/300',	4.1,	'Film'),
(23,	'The Wolf of Wall Street',	'1996-04-29 05:43:38',	173,	'Il sortit. -- La voilà, fit-elle en tressaillant. -- Qui.',	'Il y avait sur la haie. Et il saisit sa main; elle ne pourrait pas dormir dans cette confusion de sentiments où il l\'avait montée. Arrivé devant l\'hôtel de Boulogne, sur le dos, elle poussait un.',	'https://picsum.photos/id/13/200/300',	1.1,	'Film'),
(24,	'Kill Bill Vol.2',	'2016-03-03 18:23:48',	166,	'Plusieurs bourgeois, dès la porte, quand il se mit à.',	'Paris. Un autre avait fait voir à peine l\'oedème eut-il un peu de leurs affaires ou se faisaient des niches constellées d\'étoiles en papier doré; puis se retira de bonne bière, de bons termes avec.',	'https://picsum.photos/id/451/200/300',	1.2,	'Film'),
(25,	'Jurassic Park',	'2010-04-19 14:51:11',	278,	'Charles, en rentrant, mettait lui-même son cheval à.',	'M. Lieuvain venait de partir, exaspérée. Elle le savourait sans remords, sans inquiétude, lorsqu\'un soir, tout à fait. Elle abandonna la maison. Il se rappela les héroïnes des livres extravagants où.',	'https://picsum.photos/id/1074/200/300',	1.4,	'Film'),
(26,	'L.A. Confidential',	'2020-08-12 00:47:25',	157,	'Chauffez-vous au poêle en attendant... Excusez-moi.',	'La pluie venait les interrompre, ou une connaissance s\'en aller. Elle partit dès le duo récitatif où Gilbert expose à son amant. On trouva même, au milieu des parcs, où un lévrier sautait devant.',	'https://picsum.photos/id/946/200/300',	3.0,	'Film'),
(27,	'Alien',	'2014-06-24 12:45:40',	101,	'Richard Coeur de Lion, roi d\'Angleterre et duc de Clarence.',	'Trafalgar et toutes les autres les différents produits que la moindre observation. C\'est ainsi qu\'il déboursa trois cents francs sur lesquels il ne devait point se tourmenter, maintenant surtout.',	'https://picsum.photos/id/34/200/300',	NULL,	'Film'),
(28,	'Heat',	'1999-11-24 02:37:18',	198,	'Et, tandis qu\'il ôtait et remettait vite de sa figure.',	'Pendant quarante-trois jours, Charles ne pouvait se retenir de faire les dépenses qu\'elle voulait, avoir un bassin de marbre de petits cris, coupaient l\'air au milieu un cadran solaire en ardoise.',	'https://picsum.photos/id/851/200/300',	1.6,	'Film'),
(29,	'Citizen Kane',	'2007-05-23 04:40:33',	115,	'Charles à plein double-six. Puis, les deux anciennes. J\'ai.',	'Emma sur la cheminée, un jeune homme glissait derrière le jardin, pas à ouvrir de grands yeux noirs tout ouverts. -- On dit pourtant qu\'il a la lanterne. VII Le lendemain fut, pour Emma, une journée.',	NULL,	4.1,	'Film'),
(30,	'The Boys',	'1996-01-08 08:32:31',	37,	'Les forces lui revinrent; elle se mettait à crier.',	'Puis ses idées se confondaient. Elle le reversait au dehors, l\'abandonnait. Elle se ranima cependant, et vint à dire (pour expérimenter sa jalousie ou cédant peut-être à la fin pourtant, il avait le.',	NULL,	NULL,	'Série'),
(31,	'Dragons',	'1999-02-16 02:37:48',	190,	'Béranger! Je suis fatiguée, dit-elle. -- Oui. -- Mais.',	'Elles marchaient en se cachant la figure, montrait des deux mains dans ses recoins les plus lointaines comme les précédentes, à reculer de quart d\'heure et profitait de l\'occasion pour lui comme de.',	'https://picsum.photos/id/654/200/300',	NULL,	'Film'),
(32,	'LOVE',	'2007-11-27 22:22:11',	42,	'C\'était le président eut disparu: -- Ma cravache, s\'il.',	'Il prenait ses repas dans la nuit, galopait comme un gardeur de bêtes à cornes! Tu n\'as donc jamais rien vu? répondait en riant doucement. -- Sens donc: quelle odeur! fit-il en jurant.',	'https://picsum.photos/id/96/200/300',	1.7,	'Série'),
(33,	'The Wire',	'2019-09-02 01:07:51',	32,	'Elle ne savait que répondre; il respectait sa mère, et il.',	'Quand on partit de Tostes, sur le bord de la pudeur et de ses doigts crispés. Son pouls inégal était presque vide, elle se plaignait fort de la belle-mère et du côté que le nouvel arrivant avait.',	'https://picsum.photos/id/113/200/300',	4.9,	'Série'),
(34,	'The Godfather',	'1996-02-10 15:01:21',	270,	'Toutes leurs vaches, je ne sais pas quand j\'irai habiter.',	'Emma trépignait en répétant: -- Ah! si tu savais! reprit-elle. Et elle lui montra la lettre lui revint. L\'avait-elle donc perdue? Où la retrouver? Mais elle dit d\'un ton brutal: -- C\'est un truc.',	'https://picsum.photos/id/168/200/300',	1.2,	'Film'),
(35,	'Barry',	'2013-09-25 22:42:50',	40,	'Tout, d\'ailleurs, lui réussissait. Il était capitaine de.',	'Voilà, fit-il majestueusement, la circonférence de la maison un jeudi, et Charles, debout près d\'elle. Puis, comme elle ne savait pas quel serait ce hasard, le vent humide qui lui appartenait; et.',	'https://picsum.photos/id/434/200/300',	2.8,	'Série'),
(36,	'Chernobyl',	'1996-10-10 17:13:12',	54,	'Paris immédiatement. Elle y consentit. Il ne voulait point.',	'Code. Léon, étourdi par la présence de l\'Aveugle. Il fit un peu le jardin; il prenait bien vite en impatience, et Paris alors agita pour lui, Dubocage! Léon enfin avait juré de ne pas déranger la.',	'https://picsum.photos/id/832/200/300',	NULL,	'Série'),
(37,	'The Gifted',	'2014-12-21 01:29:21',	34,	'M. Lheureux le prier de venir, et ils auraient voulu.',	'Et elle le voyait courir après toutes les assiettes, était renversée; de la côte, il se rappelait rien. En effet, il prononça ces mots, singulièrement: -- Nous n\'avons pas même cette distraction.',	'https://picsum.photos/id/103/200/300',	1.6,	'Série'),
(38,	'The Plot Against America',	'2022-09-14 16:33:28',	28,	'Un horizon de fantaisies réalisables s\'ouvrit alors devant.',	'M. un tel.» Plus loin, à l\'entrée des portes, il ouvrait les tiroirs du secrétaire étaient vides; on devait plus de patriotisme que dans le village. Il s\'en débarrassa pourtant et courut d\'un bond à.',	'https://picsum.photos/id/31/200/300',	4.6,	'Série'),
(39,	'Sense 8',	'2014-06-24 06:34:49',	57,	'Bovary, un de ces jours que je vous jure. «Mais messieurs.',	'N\'est-ce pas l\'agriculteur encore qui engraisse, pour nos couches, sa chair succulente pour nos couches, sa chair comme un étourdissement; elle voyait passer les gens mûrs, et ne trouva rien. Quand.',	NULL,	NULL,	'Série'),
(40,	'Dear White People',	'2023-10-16 10:50:40',	30,	'Elle souriait là- dessous à la Vaubyessard, amiral de.',	'Et peu à peu, s\'éteignit par l\'absence, le regret lui resta. IX Souvent, lorsque Charles était plate comme un juge, le maître d\'études: -- Monsieur a tort! Elle aura quatre cent quarante pieds, neuf.',	'https://picsum.photos/id/99/200/300',	NULL,	'Série'),
(41,	'Paris, Texas',	'2005-06-19 14:09:57',	315,	'Guillaume. Croirait-on qu\'un simple sternutatoire pût.',	'Emma ne songeait plus à demander des nouvelles de caléfacteurs économiques, avec l\'art de conserver les fromages et de mariage éternel qui reviennent dans les livres. Rodolphe s\'installait là comme.',	'https://picsum.photos/id/804/200/300',	2.0,	'Film'),
(42,	'Two and a Half-men',	'2009-10-09 17:01:20',	54,	'Ah! vous voyez bien, répliqua-t-il d\'une voix douce.',	'Ils avaient pour les bougies l\'éblouissaient, il se mit à fureter sur le banc, de façon à frapper contre la porcelaine. Elle avait tout autour du grand monde à Yonville, confectionnait sa provision.',	'https://picsum.photos/id/40/200/300',	3.8,	'Série'),
(43,	'Tales From the Loop',	'1997-11-05 04:27:51',	28,	'Il le regarda comme on disait. Pour en savoir plus long.',	'Des nénuphars flétris se tenaient immobiles entre les quinquets suspendus. Rodolphe, le soir, arriva dans le souvenir d\'Emma lui battit un peu par épouvante de l\'autre. Charles la pointe de son.',	NULL,	3.4,	'Série'),
(44,	'The Neon Demon',	'2012-11-21 22:56:12',	124,	'Le malade, chose étrange (nous l\'affirmons de visu).',	'Girard, que j\'ai acheté tantôt... à une ancienne famille de gentilshommes ruinés sous la fascination de sa femme de ce qu\'il paraît, était une manière de consolation, ils ajoutaient: -- C\'est qu\'il.',	NULL,	3.7,	'Film'),
(45,	'Dark',	'2003-07-03 16:04:33',	54,	'Nastasie descendit les marches de bois qui devait faire.',	'Et puis, quelle raison donnerait-il dans les catarrhes et maladies de poitrine. Craignant beaucoup de monde sur la boutique: -- Annette! n\'oublie pas mes recommandations, tu t\'en trouveras bien.',	'https://picsum.photos/id/48/200/300',	1.8,	'Série'),
(46,	'Preacher',	'1999-03-09 06:54:13',	29,	'Elle savait par coeur des chansons galantes du siècle.',	'XV La foule stationnait contre le secrétaire, il resta trois jours. Tandis qu\'il étudiait les équins, les varus et les dernières tombes. C\'était la première fois qu\'Emma s\'entendait dire ces choses.',	'https://picsum.photos/id/572/200/300',	3.8,	'Série'),
(47,	'Too Old to Die Young',	'1998-03-27 00:55:06',	26,	'Il y avait auprès, se cognant à tous les projets de.',	'Charles, chez madame Tuvache, la femme riche semble avoir autour d\'elle, et Emma sentait quelque chose de terrible. Mais elle était triste le dimanche, à la grille du notaire; le ciel vide avait la.',	'https://picsum.photos/id/313/200/300',	4.3,	'Série'),
(48,	'Reservoir Dogs',	'1998-12-21 21:59:13',	188,	'Cinq cents vers à toute la nuit, ils repartaient. La.',	'Restez donc tranquilles! continuait le professeur indigné, et s\'essuyant le front en s\'écriant: -- Vous êtes un misérable! s\'écria-t-elle. -- Eh bien, reprit la bonne apportait une botte vernie.',	'https://picsum.photos/id/184/200/300',	1.4,	'Film'),
(49,	'La La Land',	'2012-08-10 16:28:33',	317,	'Madame, ses civilités à Monsieur, dit qu\'il était trop.',	'Et il s\'inclina doucement pour l\'embrasser. Mais, au moment où Justin vint le distraire, Homais jugea convenable de faire les dépenses qu\'elle voulait, il pressentait quelque chose d\'elle, il alla.',	'https://picsum.photos/id/377/200/300',	4.8,	'Film'),
(50,	'V for Vendetta',	'2002-05-10 09:19:30',	126,	'Quelqu\'un, sans ouvrir, lui cria le colonel. Par file à.',	'Au reste, tant pis! tu verras!... Bonne santé!... car je ne vous en veux pas, dit-il. Rodolphe était resté sur le cahier de brouillons. -- Pourquoi ne point souffrir, -- comme le ronflement du tour.',	'https://picsum.photos/id/568/200/300',	3.2,	'Film');

TRUNCATE `person`;
INSERT INTO `person` (`id`, `firstname`, `lastname`) VALUES
(1,	'Bryan',	'Cranston'),
(2,	'Harvey',	'Keitel'),
(3,	'Frances',	'McDormand'),
(4,	'Ralph',	'Fiennes'),
(5,	'Kenneth',	'Branagh'),
(6,	'Steve',	'McQueen'),
(7,	'Forest',	'Whitaker'),
(8,	'Jesse',	'Eisenberg'),
(9,	'Rosamund',	'Pike'),
(10,	'Joe',	'Pesci'),
(11,	'Viola',	'Davis'),
(12,	'Kate',	'Winslet'),
(13,	'Daniel',	'Day-Lewis'),
(14,	'Sean',	'Penn'),
(15,	'Jean',	'Dujardin'),
(16,	'Jon',	'Bernthal'),
(17,	'Steve',	'Buscemi'),
(18,	'Adam',	'Driver'),
(19,	'Charlize',	'Theron'),
(20,	'Annie',	'Girardot'),
(21,	'Rachel',	'McAdams'),
(22,	'Casey',	'Affleck'),
(23,	'Harisson',	'Ford'),
(24,	'Mireille',	'Darc'),
(25,	'Cameron',	'Diaz'),
(26,	'Marlon',	'Brando'),
(27,	'Joe',	'Pesci'),
(28,	'Ryan',	'Gosling'),
(29,	'Gene',	'Kelly'),
(30,	'Ian',	'McKellen'),
(31,	'Jennifer',	'Aniston'),
(32,	'Juliane',	'Moore'),
(33,	'Ben',	'Kingsley'),
(34,	'Jon',	'Bernthal'),
(35,	'Steve',	'Carell'),
(36,	'Emma',	'Watson'),
(37,	'Bradley',	'Cooper'),
(38,	'Ben',	'Affleck'),
(39,	'Russell',	'Crowe'),
(40,	'Colin',	'Farrel'),
(41,	'Joaquin',	'Phoenix'),
(42,	'Jennifer',	'Jason Leigh'),
(43,	'Sean',	'Penn'),
(44,	'Adam',	'Driver'),
(45,	'Armie',	'Hammer'),
(46,	'Dakota',	'Johnson'),
(47,	'Kevin',	'Spacey'),
(48,	'Léa',	'Seydoux'),
(49,	'Alicia',	'Vikander'),
(50,	'Sigourney',	'Weaver'),
(51,	'Joe',	'Pesci'),
(52,	'Steve',	'Buscemi'),
(53,	'Jane',	'Fonda'),
(54,	'Steve',	'McQueen'),
(55,	'Robert',	'Duvall'),
(56,	'Tom',	'Cruise'),
(57,	'Hugh',	'Jackman'),
(58,	'Brie',	'Larson'),
(59,	'Tilda',	'Swinton'),
(60,	'Keira',	'Knightley'),
(61,	'Jennifer',	'Jason Leigh'),
(62,	'Jennifer',	'Jason Leigh'),
(63,	'Michael',	'Cera'),
(64,	'Viola',	'Davis'),
(65,	'Julia',	'Louis-Dreyfus'),
(66,	'Kristen',	'Stewart'),
(67,	'Jim',	'Carrey'),
(68,	'Vera',	'Farmiga'),
(69,	'Anne',	'Hathaway'),
(70,	'Eva',	'Green'),
(71,	'Viola',	'Davis'),
(72,	'Andy',	'Serkis'),
(73,	'Annie',	'Girardot'),
(74,	'Joaquin',	'Phoenix'),
(75,	'Rosamund',	'Pike'),
(76,	'Harvey',	'Keitel'),
(77,	'Sandra',	'Bullock'),
(78,	'Jared',	'Leto'),
(79,	'Nicole',	'Kidman'),
(80,	'Rooney',	'Mara'),
(81,	'Jeremy',	'Irons'),
(82,	'Nathalie',	'Baye'),
(83,	'Liv',	'Tyler'),
(84,	'Jake',	'Gyllenhaal'),
(85,	'Brad',	'Pitt'),
(86,	'Janet',	'Leigh'),
(87,	'Javier',	'Bardem'),
(88,	'Harisson',	'Ford'),
(89,	'Adrien',	'Brody'),
(90,	'Dustin',	'Hoffman'),
(91,	'Tom',	'Cruise'),
(92,	'Mila',	'Kunis'),
(93,	'Philip',	'Seymour Hoffman'),
(94,	'Ben',	'Affleck'),
(95,	'Eva',	'Green'),
(96,	'Ana',	'de Armas'),
(97,	'Sean',	'Penn'),
(98,	'Adam',	'Driver'),
(99,	'Michael',	'Cera'),
(100,	'Bradley',	'Cooper'),
(101,	'Michael',	'Cera'),
(102,	'Eva',	'Green'),
(103,	'Jared',	'Leto'),
(104,	'Shelley',	'Duvall'),
(105,	'Rachel',	'Weisz'),
(106,	'Nicole',	'Kidman'),
(107,	'Ryan',	'Gosling'),
(108,	'Kirsten',	'Dunst'),
(109,	'Shailene',	'Woodley'),
(110,	'Michael',	'Cera'),
(111,	'Meryl',	'Streep'),
(112,	'Amy',	'Adams'),
(113,	'Kim',	'Novak'),
(114,	'Gal',	'Gadot'),
(115,	'Sharon',	'Stone'),
(116,	'Olivia',	'Wilde'),
(117,	'Christoph',	'Waltz'),
(118,	'Carrie',	'Fisher'),
(119,	'Christian',	'Bale'),
(120,	'Marlon',	'Brando'),
(121,	'Nicole',	'Kidman'),
(122,	'Jake',	'Gyllenhaal'),
(123,	'Casey',	'Affleck'),
(124,	'Juliane',	'Moore'),
(125,	'Audrey',	'Tautou'),
(126,	'Kim',	'Novak'),
(127,	'Sean',	'Penn'),
(128,	'Adrien',	'Brody'),
(129,	'Clint',	'Eastwood'),
(130,	'Michael',	'Madsen'),
(131,	'Natalie',	'Portman'),
(132,	'Nicole',	'Kidman'),
(133,	'Jake',	'Gyllenhaal'),
(134,	'Robert',	'de Niro'),
(135,	'Dustin',	'Hoffman'),
(136,	'Michelle',	'Pfeiffer'),
(137,	'Gene',	'Kelly'),
(138,	'Julia',	'Roberts'),
(139,	'Al',	'Pacino'),
(140,	'Matt',	'Damon'),
(141,	'Benicio',	'Del Toro'),
(142,	'Henry',	'Fonda'),
(143,	'Jeff',	'Bridges'),
(144,	'Octavia',	'Spencer'),
(145,	'Jean',	'Reno'),
(146,	'Uma',	'Thurman'),
(147,	'Gene',	'Hackman'),
(148,	'Sean',	'Penn'),
(149,	'Kirk',	'Douglas'),
(150,	'Natalie',	'Portman'),
(151,	'Jessica',	'Alba'),
(152,	'Kurt',	'Russel'),
(153,	'Monica',	'Belluci'),
(154,	'Carey',	'Mulligan'),
(155,	'Armie',	'Hammer'),
(156,	'Angelina',	'Jolie'),
(157,	'John',	'Wayne'),
(158,	'Ben',	'Affleck'),
(159,	'Vera',	'Farmiga'),
(160,	'Carrie',	'Fisher'),
(161,	'Jane',	'Fonda'),
(162,	'Jake',	'Gyllenhaal'),
(163,	'Jack',	'Nicholson'),
(164,	'Steve',	'Carell'),
(165,	'Diane',	'Keeton'),
(166,	'Joaquin',	'Phoenix'),
(167,	'Jonah',	'Hill'),
(168,	'Marion',	'Cotillard'),
(169,	'Jesse',	'Eisenberg'),
(170,	'Anna',	'Kendrick'),
(171,	'Olivia',	'Colman'),
(172,	'Diane',	'Keaton'),
(173,	'Rachel',	'Weisz'),
(174,	'Ben',	'Kingsley'),
(175,	'Tom',	'Hardy'),
(176,	'Naomi',	'Watts'),
(177,	'Sandra',	'Bullock'),
(178,	'Brigitte',	'Bardot'),
(179,	'Matthew',	'McConaughey'),
(180,	'Cate',	'Blanchett'),
(181,	'Sigourney',	'Weaver'),
(182,	'Ana',	'de Armas'),
(183,	'Michelle',	'Pfeiffer'),
(184,	'Michael',	'Douglas'),
(185,	'Michael',	'Cera'),
(186,	'Colin',	'Firth'),
(187,	'Kristen',	'Stewart'),
(188,	'Liv',	'Tyler'),
(189,	'Katheryn',	'Winnick'),
(190,	'Mia',	'Farrow'),
(191,	'Charlize',	'Theron'),
(192,	'Marlene',	'Dietrich'),
(193,	'Elizabeth',	'Olsen'),
(194,	'Anna',	'Kendrick'),
(195,	'Christoph',	'Waltz'),
(196,	'Mila',	'Kunis'),
(197,	'Sharon',	'Stone'),
(198,	'Kirsten',	'Dunst'),
(199,	'Jeremy',	'Irons'),
(200,	'Shelley',	'Duvall');

TRUNCATE `season`;
INSERT INTO `season` (`id`, `movie_id`, `number`, `episodes_number`) VALUES
(1,	2,	6,	7),
(2,	2,	5,	6),
(3,	2,	4,	8),
(4,	2,	3,	8),
(5,	2,	2,	10),
(6,	2,	1,	6),
(7,	3,	4,	8),
(8,	3,	3,	7),
(9,	3,	2,	7),
(10,	3,	1,	11),
(11,	7,	4,	6),
(12,	7,	3,	7),
(13,	7,	2,	9),
(14,	7,	1,	10),
(15,	9,	6,	11),
(16,	9,	5,	8),
(17,	9,	4,	6),
(18,	9,	3,	8),
(19,	9,	2,	11),
(20,	9,	1,	6),
(21,	10,	3,	11),
(22,	10,	2,	10),
(23,	10,	1,	12),
(24,	12,	7,	7),
(25,	12,	6,	12),
(26,	12,	5,	10),
(27,	12,	4,	8),
(28,	12,	3,	12),
(29,	12,	2,	12),
(30,	12,	1,	9),
(31,	13,	2,	7),
(32,	13,	1,	12),
(33,	14,	5,	9),
(34,	14,	4,	10),
(35,	14,	3,	8),
(36,	14,	2,	12),
(37,	14,	1,	8),
(38,	16,	6,	6),
(39,	16,	5,	9),
(40,	16,	4,	12),
(41,	16,	3,	11),
(42,	16,	2,	11),
(43,	16,	1,	10),
(44,	20,	3,	10),
(45,	20,	2,	12),
(46,	20,	1,	7),
(47,	30,	2,	7),
(48,	30,	1,	9),
(49,	32,	7,	7),
(50,	32,	6,	11),
(51,	32,	5,	10),
(52,	32,	4,	10),
(53,	32,	3,	8),
(54,	32,	2,	6),
(55,	32,	1,	10),
(56,	33,	5,	8),
(57,	33,	4,	11),
(58,	33,	3,	9),
(59,	33,	2,	12),
(60,	33,	1,	9),
(61,	35,	3,	9),
(62,	35,	2,	8),
(63,	35,	1,	10),
(64,	36,	5,	9),
(65,	36,	4,	8),
(66,	36,	3,	10),
(67,	36,	2,	6),
(68,	36,	1,	11),
(69,	37,	6,	9),
(70,	37,	5,	7),
(71,	37,	4,	9),
(72,	37,	3,	9),
(73,	37,	2,	9),
(74,	37,	1,	11),
(75,	38,	5,	12),
(76,	38,	4,	12),
(77,	38,	3,	8),
(78,	38,	2,	11),
(79,	38,	1,	6),
(80,	39,	6,	12),
(81,	39,	5,	7),
(82,	39,	4,	10),
(83,	39,	3,	6),
(84,	39,	2,	9),
(85,	39,	1,	8),
(86,	40,	4,	9),
(87,	40,	3,	7),
(88,	40,	2,	7),
(89,	40,	1,	12),
(90,	42,	2,	11),
(91,	42,	1,	12),
(92,	43,	2,	10),
(93,	43,	1,	6),
(94,	45,	6,	7),
(95,	45,	5,	8),
(96,	45,	4,	12),
(97,	45,	3,	6),
(98,	45,	2,	11),
(99,	45,	1,	6),
(100,	46,	6,	6),
(101,	46,	5,	12),
(102,	46,	4,	12),
(103,	46,	3,	8),
(104,	46,	2,	11),
(105,	46,	1,	9),
(106,	47,	4,	9),
(107,	47,	3,	12),
(108,	47,	2,	6),
(109,	47,	1,	9);


TRUNCATE `casting`;
INSERT INTO `casting` (`id`, `person_id`, `movie_id`, `role`, `credit_order`) VALUES
(1,	179,	1,	'Hit Girl',	6),
(2,	100,	1,	'Ron Weasley',	3),
(3,	181,	1,	'John Ruth',	7),
(4,	56,	1,	'Ron Weasley',	1),
(5,	82,	1,	'Brienne of Tarth',	5),
(6,	7,	1,	'Poe Dameron',	4),
(7,	190,	1,	'Furiosa',	2),
(8,	193,	2,	'Groot',	9),
(9,	123,	2,	'Jesse Pinkman',	3),
(10,	133,	2,	'Catwoman',	4),
(11,	87,	2,	'Harry Potter',	7),
(12,	50,	2,	'Randy Marsh',	10),
(13,	100,	2,	'Mulan',	1),
(14,	41,	2,	'Truman',	5),
(15,	96,	2,	'Arya Stark',	8),
(16,	14,	2,	'Vesper Lynd',	6),
(17,	63,	2,	'Rey',	2),
(18,	164,	3,	'Picard',	3),
(19,	200,	3,	'Mulan',	4),
(20,	174,	3,	'Beetlejuice',	5),
(21,	156,	3,	'Beetlejuice',	1),
(22,	130,	3,	'Doc Brown',	6),
(23,	5,	3,	'Martha Wayne',	2),
(24,	87,	4,	'Miranda Bailey',	1),
(25,	162,	4,	'Segent Biales',	3),
(26,	170,	4,	'Jack Skellington',	2),
(27,	70,	5,	'Vernita Green',	5),
(28,	43,	5,	'Spiderman',	4),
(29,	109,	5,	'Loki',	6),
(30,	39,	5,	'Mr Blue',	2),
(31,	26,	5,	'Odile Deray',	7),
(32,	97,	5,	'Randle McMurphy',	1),
(33,	86,	5,	'Barney Stinson',	3),
(34,	89,	6,	'Leeloo',	2),
(35,	29,	6,	'Frederic Zoller',	8),
(36,	56,	6,	'Bane',	9),
(37,	148,	6,	'Bella Swan',	1),
(38,	8,	6,	'Arya Stark',	7),
(39,	29,	6,	'Indiana Jones',	5),
(40,	183,	6,	'Keyser Söze',	4),
(41,	139,	6,	'Hellboy',	3),
(42,	131,	6,	'Jessica Jones',	10),
(43,	130,	6,	'Snake Plissken',	6),
(44,	11,	7,	'Captain America',	3),
(45,	67,	7,	'The Bride',	10),
(46,	119,	7,	'Hannibal Lecter',	8),
(47,	69,	7,	'Jessica Jones',	2),
(48,	37,	7,	'Loki',	9),
(49,	112,	7,	'Mystique',	6),
(50,	151,	7,	'Picard',	4),
(51,	72,	7,	'Legolas',	1),
(52,	31,	7,	'Cobb',	5),
(53,	35,	7,	'Matt Jamison',	7),
(54,	119,	8,	'Skyler White',	3),
(55,	166,	8,	'Cher',	2),
(56,	122,	8,	'Jar Jar Binks',	1),
(57,	168,	8,	'Captain Phasma',	4),
(58,	198,	9,	'Wonder Woman',	6),
(59,	61,	9,	'Mace Windu',	3),
(60,	111,	9,	'Tomb Raider',	5),
(61,	28,	9,	'Murphy Cooper',	1),
(62,	165,	9,	'Oscar Martinez',	2),
(63,	181,	9,	'Vernita Green',	4),
(64,	102,	10,	'Teddy Daniels',	4),
(65,	104,	10,	'Hank Schrader',	5),
(66,	162,	10,	'Forrest Gump',	2),
(67,	67,	10,	'Bruce Wayne',	1),
(68,	115,	10,	'Buffy Summers',	3),
(69,	14,	11,	'Broomhilda Von Shaft',	9),
(70,	75,	11,	'Charlie Brown',	2),
(71,	131,	11,	'Simon Jeremy',	7),
(72,	86,	11,	'Veronica Mars',	10),
(73,	116,	11,	'Lynette Scavo',	5),
(74,	105,	11,	'Dwight Schrute',	4),
(75,	172,	11,	'Joseph Cooper',	1),
(76,	139,	11,	'Michonne',	11),
(77,	147,	11,	'BB-8',	6),
(78,	83,	11,	'Oscar Martinez',	3),
(79,	150,	11,	'Frank Underwood',	8),
(80,	96,	12,	'Hermione Granger',	2),
(81,	162,	12,	'Ron Weasley',	5),
(82,	78,	12,	'Beetlejuice',	4),
(83,	17,	12,	'Marge Simpson',	6),
(84,	130,	12,	'Gamora',	3),
(85,	178,	12,	'Truman',	8),
(86,	74,	12,	'Tony Montana',	11),
(87,	97,	12,	'Boba Fett',	9),
(88,	183,	12,	'Mr Orange',	7),
(89,	151,	12,	'Xena',	10),
(90,	106,	12,	'Rocky Balboa',	1),
(91,	80,	13,	'Lisa Simpson',	1),
(92,	155,	13,	'Shosanna Dreyfus',	3),
(93,	118,	13,	'Robin Scherbatsky',	2),
(94,	109,	14,	'Danny Torrance',	3),
(95,	81,	14,	'Mathila Lando',	7),
(96,	160,	14,	'Palpatine',	8),
(97,	124,	14,	'Jack Skellington',	2),
(98,	147,	14,	'Nick Dunne',	5),
(99,	132,	14,	'Pris',	9),
(100,	83,	14,	'Luke Skywalker',	4),
(101,	90,	14,	'Kevin Malone',	6),
(102,	95,	14,	'Roy Batty',	1),
(103,	120,	15,	'Gollum',	1),
(104,	79,	15,	'Walter White',	3),
(105,	149,	15,	'Eddie Britt',	2),
(106,	79,	16,	'Llewyn Davis',	2),
(107,	33,	16,	'Hulk',	1),
(108,	96,	16,	'Clarice Starling',	3),
(109,	94,	16,	'Michael Corleone',	8),
(110,	170,	16,	'Jackie Brown',	9),
(111,	47,	16,	'Tintin',	5),
(112,	70,	16,	'C-3PO',	7),
(113,	54,	16,	'Asterix',	6),
(114,	2,	16,	'Keyser Söze',	4),
(115,	100,	16,	'Juno',	11),
(116,	91,	16,	'Harry Potter',	10),
(117,	151,	18,	'Sofie Fatale',	1),
(118,	133,	18,	'Shosanna Dreyfus',	2),
(119,	2,	19,	'Hannah Baker',	8),
(120,	200,	19,	'Indiana Jones',	7),
(121,	135,	19,	'Carrie Mathison',	6),
(122,	37,	19,	'Tyler Durden',	3),
(123,	148,	19,	'Chihiro Ogino',	5),
(124,	16,	19,	'Count Doku',	1),
(125,	66,	19,	'Monica Geller',	2),
(126,	7,	19,	'Miranda Bailey',	4),
(127,	123,	20,	'Vito Corleone',	3),
(128,	1,	20,	'Walter White',	7),
(129,	155,	20,	'Joe Gage',	6),
(130,	148,	20,	'Leon',	4),
(131,	173,	20,	'Willy Wonka',	8),
(132,	192,	20,	'Lily Aldrin',	5),
(133,	184,	20,	'Sofie Fatale',	2),
(134,	147,	20,	'Alfred Pennyworth',	1),
(135,	101,	21,	'Ferris Bueller',	3),
(136,	78,	21,	'Travis Bickle',	5),
(137,	135,	21,	'Gwen Stacy',	2),
(138,	131,	21,	'George Weasley',	1),
(139,	29,	21,	'Cobb',	4),
(140,	45,	22,	'Asterix',	4),
(141,	55,	22,	'Murphy Cooper',	2),
(142,	77,	22,	'Hal',	7),
(143,	105,	22,	'R2-D2',	6),
(144,	103,	22,	'William Wallace',	5),
(145,	93,	22,	'Arya Stark',	3),
(146,	152,	22,	'Mathila Lando',	1),
(147,	168,	23,	'Bella Swan',	2),
(148,	144,	23,	'Skyler White',	3),
(149,	85,	23,	'Omar Little',	1),
(150,	172,	23,	'Dwight Schrute',	5),
(151,	144,	23,	'Thanos',	4),
(152,	82,	24,	'Dr Manhattan',	2),
(153,	27,	24,	'Mr Orange',	3),
(154,	161,	24,	'Vesper Lynd',	1),
(155,	46,	24,	'James Bond',	4),
(156,	4,	25,	'David Mills',	7),
(157,	181,	25,	'Robin Scherbatsky',	6),
(158,	69,	25,	'Jack Sparrow',	3),
(159,	192,	25,	'Frederic Zoller',	4),
(160,	164,	25,	'Vito Corleone',	1),
(161,	33,	25,	'The Bride',	2),
(162,	140,	25,	'Cobb',	5),
(163,	19,	26,	'Jean Grey',	1),
(164,	26,	26,	'Elle Driver',	2),
(165,	79,	27,	'Daenerys Targaryen',	8),
(166,	168,	27,	'Broomhilda Von Shaft',	9),
(167,	77,	27,	'Batman',	3),
(168,	85,	27,	'Kevin McCallister',	6),
(169,	63,	27,	'Rorschach',	4),
(170,	129,	27,	'John Ruth',	5),
(171,	180,	27,	'David Mills',	2),
(172,	72,	27,	'Mathila Lando',	7),
(173,	199,	27,	'Doc Brown',	1),
(174,	37,	27,	'Lou Bloom',	11),
(175,	107,	27,	'Jyn Erso',	10),
(176,	165,	28,	'Buffy Summers',	1),
(177,	153,	28,	'Pris',	2),
(178,	131,	28,	'Mary Jane Watson',	3),
(179,	159,	28,	'Llewyn Davis',	4),
(180,	11,	29,	'Jean Grey',	1),
(181,	86,	29,	'Saul Goodman',	2),
(182,	76,	29,	'Rey',	3),
(183,	29,	30,	'Morpheus',	2),
(184,	133,	30,	'Michael Corleone',	1),
(185,	81,	31,	'Joseph Cooper',	2),
(186,	163,	31,	'Sgt. Sergent Donnie Donowitz',	3),
(187,	198,	31,	'Alex DeLarge',	1),
(188,	3,	32,	'Homer Simpson',	1),
(189,	16,	32,	'Claire Underwood',	2),
(190,	80,	32,	'BB-8',	3),
(191,	193,	33,	'Martha Wayne',	3),
(192,	92,	33,	'Robin Scherbatsky',	6),
(193,	76,	33,	'Don Draper',	11),
(194,	1,	33,	'Buzz Lightyear',	9),
(195,	3,	33,	'Rachel Green',	2),
(196,	147,	33,	'Creed',	10),
(197,	81,	33,	'Daenerys Targaryen',	1),
(198,	162,	33,	'Elisabeth Bennet',	7),
(199,	62,	33,	'Panoramix',	8),
(200,	41,	33,	'Lois Lane',	5),
(201,	154,	33,	'Panoramix',	4),
(202,	107,	34,	'Mr Pink',	3),
(203,	152,	34,	'Gwen Stacy',	2),
(204,	5,	34,	'Major Marquis Warren',	1),
(205,	20,	35,	'Poison Ivy',	1),
(206,	65,	35,	'Mary Jane Watson',	4),
(207,	9,	35,	'Dick Hallorann',	9),
(208,	71,	35,	'Marge Gunderson',	6),
(209,	187,	35,	'Chewbacca',	3),
(210,	165,	35,	'Homer Simpson',	7),
(211,	125,	35,	'John Rambo',	8),
(212,	35,	35,	'Truman',	5),
(213,	180,	35,	'Jim Halpert',	2),
(214,	95,	36,	'Mulan',	8),
(215,	186,	36,	'Buffy Summers',	2),
(216,	161,	36,	'Rorschach',	1),
(217,	128,	36,	'Mal Cobb',	9),
(218,	1,	36,	'Sansa Stark',	10),
(219,	166,	36,	'Serge Karamazov',	3),
(220,	170,	36,	'Tony Stark',	4),
(221,	142,	36,	'Chewbacca',	7),
(222,	121,	36,	'Mr White',	5),
(223,	138,	36,	'Beetlejuice',	6),
(224,	21,	37,	'Iron Man',	5),
(225,	148,	37,	'Clarice Starling',	3),
(226,	21,	37,	'Gwen Stacy',	8),
(227,	18,	37,	'Noel Flantier',	6),
(228,	165,	37,	'Miranda Bailey',	7),
(229,	188,	37,	'Anton Chigurh',	4),
(230,	22,	37,	'Selina Kyle',	1),
(231,	187,	37,	'Mal Cobb',	2),
(232,	1,	38,	'Lisa Simpson',	4),
(233,	105,	38,	'The Bride',	6),
(234,	43,	38,	'Picard',	1),
(235,	30,	38,	'Rocket Racoon',	3),
(236,	125,	38,	'Kylo Ren',	5),
(237,	64,	38,	'Mace Windu',	2),
(238,	67,	39,	'Jean Grey',	3),
(239,	65,	39,	'Jean Grey',	4),
(240,	108,	39,	'Murphy Cooper',	2),
(241,	111,	39,	'Joe Gage',	1),
(242,	186,	40,	'Broomhilda Von Shaft',	4),
(243,	67,	40,	'Elle Driver',	5),
(244,	160,	40,	'Patrick Bateman',	3),
(245,	24,	40,	'Tommy DeVito',	2),
(246,	80,	40,	'Dana Scully',	7),
(247,	181,	40,	'Sergeant Hartman',	9),
(248,	45,	40,	'Major Marquis Warren',	1),
(249,	40,	40,	'Benjamin Button',	8),
(250,	117,	40,	'Don Draper',	6),
(251,	99,	41,	'Matt Jamison',	9),
(252,	159,	41,	'Jyn Erso',	7),
(253,	18,	41,	'Peter Parker',	4),
(254,	67,	41,	'Elastigirl',	3),
(255,	117,	41,	'Leon',	1),
(256,	192,	41,	'Ron Burgundy',	2),
(257,	138,	41,	'Sarah Connor',	6),
(258,	169,	41,	'Rey',	5),
(259,	1,	41,	'Nora Durst',	8),
(260,	196,	42,	'Susan Mayer',	7),
(261,	129,	42,	'Leslie Knope',	4),
(262,	116,	42,	'Marsellus Wallace',	3),
(263,	199,	42,	'Mr Blonde',	1),
(264,	71,	42,	'Veronica Mars',	6),
(265,	46,	42,	'Eric Cartman',	8),
(266,	183,	42,	'Sgt. Sergent Donnie Donowitz',	9),
(267,	138,	42,	'Marty McFly',	5),
(268,	164,	42,	'Vernita Green',	10),
(269,	163,	42,	'Jyn Erso',	2),
(270,	36,	43,	'Count Doku',	7),
(271,	54,	43,	'Jake Sully',	9),
(272,	166,	43,	'Moana',	2),
(273,	119,	43,	'Kim Wexler',	5),
(274,	112,	43,	'Fiona Gallagher',	4),
(275,	177,	43,	'Clarice Starling',	10),
(276,	172,	43,	'Hannah Baker',	1),
(277,	129,	43,	'Amy Dunne',	3),
(278,	83,	43,	'Elle Woods',	8),
(279,	181,	43,	'Ozymandias',	6),
(280,	81,	44,	'Catwoman',	3),
(281,	186,	44,	'Bill',	1),
(282,	136,	44,	'Ron Weasley',	2),
(283,	96,	44,	'T-800',	5),
(284,	140,	44,	'Captain Phasma',	6),
(285,	166,	44,	'Creed',	4),
(286,	68,	45,	'Omar Little',	1),
(287,	75,	45,	'Ace Ventura',	2),
(288,	127,	45,	'Elijah Price',	4),
(289,	122,	45,	'Peter Venkman',	3),
(290,	43,	46,	'Arthur Fleck',	1),
(291,	100,	46,	'Mr Orange',	3),
(292,	33,	46,	'Hubert Bonisseur de la Bath',	4),
(293,	159,	46,	'Batman',	2),
(294,	59,	47,	'Sofie Fatale',	6),
(295,	78,	47,	'Marty McFly',	5),
(296,	130,	47,	'Tony Montana',	3),
(297,	50,	47,	'Nick Dunne',	1),
(298,	138,	47,	'M',	4),
(299,	61,	47,	'Eleven',	2),
(300,	1,	48,	'Dana Scully',	3),
(301,	198,	48,	'Clarice Starling',	5),
(302,	141,	48,	'BB-8',	2),
(303,	165,	48,	'Hellboy',	1),
(304,	112,	48,	'Thanos',	4),
(305,	154,	48,	'The Bride',	6),
(306,	43,	49,	'Omar Little',	3),
(307,	18,	49,	'Cersei Lannister',	4),
(308,	153,	49,	'Hugh Glass',	5),
(309,	13,	49,	'Amelia Brand',	2),
(310,	39,	49,	'Tony Stark',	6),
(311,	50,	49,	'Lily Aldrin',	1),
(312,	49,	50,	'Mr Blonde',	5),
(313,	20,	50,	'The Joker',	1),
(314,	157,	50,	'Batman',	2),
(315,	46,	50,	'Chewbacca',	7),
(316,	9,	50,	'Eddie Britt',	4),
(317,	75,	50,	'Edward Scissorhands',	3),
(318,	120,	50,	'Cliff Booth',	6),
(319,	21,	50,	'Carrie Mathison',	8);


TRUNCATE `genre_movie`;
INSERT INTO `genre_movie` (`genre_id`, `movie_id`) VALUES
(1,	6),
(1,	10),
(1,	20),
(1,	32),
(1,	39),
(1,	46),
(2,	9),
(2,	18),
(2,	20),
(2,	35),
(2,	36),
(2,	38),
(2,	47),
(3,	30),
(3,	35),
(3,	49),
(4,	3),
(4,	4),
(4,	12),
(4,	24),
(4,	25),
(4,	29),
(4,	32),
(4,	34),
(5,	11),
(5,	21),
(5,	22),
(5,	42),
(6,	26),
(6,	27),
(6,	34),
(6,	48),
(7,	6),
(7,	10),
(7,	27),
(8,	6),
(8,	12),
(8,	13),
(8,	14),
(8,	15),
(8,	30),
(8,	35),
(8,	36),
(9,	2),
(9,	19),
(9,	30),
(9,	31),
(9,	36),
(9,	43),
(9,	44),
(9,	48),
(10,	6),
(10,	12),
(10,	14),
(10,	16),
(10,	20),
(10,	31),
(10,	33),
(10,	44),
(10,	46),
(11,	13),
(11,	16),
(11,	23),
(11,	30),
(11,	36),
(11,	39),
(12,	2),
(12,	8),
(12,	12),
(12,	13),
(12,	17),
(12,	18),
(12,	21),
(12,	33),
(12,	38),
(13,	8),
(13,	11),
(13,	24),
(13,	38),
(13,	48),
(14,	23),
(14,	24),
(14,	25),
(14,	31),
(14,	41),
(14,	50),
(15,	1),
(15,	17),
(15,	26),
(15,	27),
(15,	33),
(15,	35),
(15,	40),
(15,	41),
(15,	42);

-- 2024-01-09 09:17:16